--
-- PostgreSQL database dump
--

-- Dumped from database version 17.0
-- Dumped by pg_dump version 17.0

SET statement_timeout = 0;
SET lock_timeout = 0;
SET idle_in_transaction_session_timeout = 0;
SET transaction_timeout = 0;
SET client_encoding = 'UTF8';
SET standard_conforming_strings = on;
SELECT pg_catalog.set_config('search_path', '', false);
SET check_function_bodies = false;
SET xmloption = content;
SET client_min_messages = warning;
SET row_security = off;

SET default_tablespace = '';

SET default_table_access_method = heap;

--
-- Name: Authors; Type: TABLE; Schema: public; Owner: postgres
--

CREATE TABLE public."Authors" (
    "Id" integer NOT NULL,
    "FullName" text NOT NULL,
    "Birthday" date NOT NULL
);


ALTER TABLE public."Authors" OWNER TO postgres;

--
-- Name: Author_Id_seq; Type: SEQUENCE; Schema: public; Owner: postgres
--

ALTER TABLE public."Authors" ALTER COLUMN "Id" ADD GENERATED BY DEFAULT AS IDENTITY (
    SEQUENCE NAME public."Author_Id_seq"
    START WITH 1
    INCREMENT BY 1
    NO MINVALUE
    NO MAXVALUE
    CACHE 1
);


--
-- Name: Books; Type: TABLE; Schema: public; Owner: postgres
--

CREATE TABLE public."Books" (
    "Id" integer NOT NULL,
    "Title" text NOT NULL,
    "PublishedYear" integer NOT NULL,
    "Genre" text NOT NULL,
    "AuthorId" integer NOT NULL
);


ALTER TABLE public."Books" OWNER TO postgres;

--
-- Name: Books_Id_seq; Type: SEQUENCE; Schema: public; Owner: postgres
--

ALTER TABLE public."Books" ALTER COLUMN "Id" ADD GENERATED BY DEFAULT AS IDENTITY (
    SEQUENCE NAME public."Books_Id_seq"
    START WITH 1
    INCREMENT BY 1
    NO MINVALUE
    NO MAXVALUE
    CACHE 1
);


--
-- Name: __EFMigrationsHistory; Type: TABLE; Schema: public; Owner: postgres
--

CREATE TABLE public."__EFMigrationsHistory" (
    "MigrationId" character varying(150) NOT NULL,
    "ProductVersion" character varying(32) NOT NULL
);


ALTER TABLE public."__EFMigrationsHistory" OWNER TO postgres;

--
-- Data for Name: Authors; Type: TABLE DATA; Schema: public; Owner: postgres
--

COPY public."Authors" ("Id", "FullName", "Birthday") FROM stdin;
1	Harper Lee	1926-04-28
2	Harper Lee	1926-04-28
3	George Orwell	1903-06-25
4	J.K. Rowling	1965-07-31
5	Ernest Hemingway	1899-07-21
6	Jane Austen	1775-12-16
7	Mark Twain	1835-11-30
8	Agatha Christie	1890-09-15
9	F. Scott Fitzgerald	1896-09-24
10	Charles Dickens	1812-02-07
11	Leo Tolstoy	1828-09-09
12	William Shakespeare	1564-04-23
13	Virginia Woolf	1882-01-25
14	Oscar Wilde	1854-10-16
15	Herman Melville	1819-08-01
16	Emily Brontë	1818-07-30
17	J.D. Salinger	1919-01-01
18	Franz Kafka	1883-07-03
19	Jules Verne	1828-02-08
20	Gabriel Garcia Marquez	1927-03-06
21	Arthur Conan Doyle	1859-05-22
22	Mary Shelley	1797-08-30
23	Fyodor Dostoevsky	1821-11-11
24	Haruki Murakami	1949-01-12
25	Victor Hugo	1802-02-26
26	Charlotte Brontë	1816-04-21
27	Leo Tolstoy	1828-09-09
28	James Joyce	1882-02-02
29	Ray Bradbury	1920-08-22
30	Edgar Allan Poe	1809-01-19
31	Toni Morrison	1931-02-18
\.


--
-- Data for Name: Books; Type: TABLE DATA; Schema: public; Owner: postgres
--

COPY public."Books" ("Id", "Title", "PublishedYear", "Genre", "AuthorId") FROM stdin;
3	To Kill a Mockingbird	1960	Fiction	1
4	1984	1949	Dystopian	3
5	Harry Potter and the Philosopher's Stone	1997	Fantasy	4
6	The Old Man and the Sea	1952	Fiction	5
7	Pride and Prejudice	1813	Romance	6
8	The Adventures of Huckleberry Finn	1884	Adventure	7
9	Murder on the Orient Express	1934	Mystery	8
10	The Great Gatsby	1925	Fiction	9
11	A Tale of Two Cities	1859	Historical Fiction	10
12	War and Peace	1869	Historical Fiction	11
13	Hamlet	1603	Tragedy	12
14	Mrs Dalloway	1925	Modernist	13
15	The Picture of Dorian Gray	1890	Philosophical	14
16	Moby Dick	1851	Adventure	15
17	Wuthering Heights	1847	Gothic	16
18	The Catcher in the Rye	1951	Fiction	17
19	The Trial	1925	Existential	18
20	Journey to the Center of the Earth	1864	Science Fiction	19
21	One Hundred Years of Solitude	1967	Magical Realism	20
22	Sherlock Holmes: A Study in Scarlet	1887	Mystery	21
\.


--
-- Data for Name: __EFMigrationsHistory; Type: TABLE DATA; Schema: public; Owner: postgres
--

COPY public."__EFMigrationsHistory" ("MigrationId", "ProductVersion") FROM stdin;
20241025042334_LibraryInitialCreate	8.0.10
20241025043806_Library-Added-AuthorsDbSet	8.0.10
\.


--
-- Name: Author_Id_seq; Type: SEQUENCE SET; Schema: public; Owner: postgres
--

SELECT pg_catalog.setval('public."Author_Id_seq"', 31, true);


--
-- Name: Books_Id_seq; Type: SEQUENCE SET; Schema: public; Owner: postgres
--

SELECT pg_catalog.setval('public."Books_Id_seq"', 22, true);


--
-- Name: Authors PK_Authors; Type: CONSTRAINT; Schema: public; Owner: postgres
--

ALTER TABLE ONLY public."Authors"
    ADD CONSTRAINT "PK_Authors" PRIMARY KEY ("Id");


--
-- Name: Books PK_Books; Type: CONSTRAINT; Schema: public; Owner: postgres
--

ALTER TABLE ONLY public."Books"
    ADD CONSTRAINT "PK_Books" PRIMARY KEY ("Id");


--
-- Name: __EFMigrationsHistory PK___EFMigrationsHistory; Type: CONSTRAINT; Schema: public; Owner: postgres
--

ALTER TABLE ONLY public."__EFMigrationsHistory"
    ADD CONSTRAINT "PK___EFMigrationsHistory" PRIMARY KEY ("MigrationId");


--
-- Name: IX_Books_AuthorId; Type: INDEX; Schema: public; Owner: postgres
--

CREATE INDEX "IX_Books_AuthorId" ON public."Books" USING btree ("AuthorId");


--
-- Name: Books FK_Books_Authors_AuthorId; Type: FK CONSTRAINT; Schema: public; Owner: postgres
--

ALTER TABLE ONLY public."Books"
    ADD CONSTRAINT "FK_Books_Authors_AuthorId" FOREIGN KEY ("AuthorId") REFERENCES public."Authors"("Id") ON DELETE CASCADE;


--
-- PostgreSQL database dump complete
--

